obs_no,entered_by,study,pub_reference,pub_year,loc_citystate,loc_state,lat,long,exp_type,reps,MAP,MAT,aridity_index,OM_pct,soil_type,pH,cc_spec,cc_type,cropsys_tillage,cc_tillage,msmt_season,msmt_planting,weed_group,cc_pDATE,cc_pMNTH,cc_pMNTH2,cc_pDOM,cc_pDEN_kgha,cc_pMETH,cc_termDATE,cc_termMNTH,cc_termMNTH2,cc_termDOM,cc_termMETH,cc_termMETH2,crop_follow,crop_pDATE,crop_pMNTH,crop_pMNTH2,crop_pDOM,cc_bio_kgha,cc_bmSE,ccden,cc_wdenSE,ctlden,ctl_wdenSE,ccbio,cc_wbioSE,ctlbio,ctl_wbioSE,cc_yield_kgha,cc_yieldSE,ctl_yield_kgha,ctl_yieldSE,NOTES
1,GN,1,Davis (2010),2010,"Urbana, IL",IL,40.110588,-88.207268,split-split plot,4,1007.0,33.68333435,0.912,2.4,silt loam,7.2,rye,grass,N,N,summer,after,summer annual,NA,Sep,9.0,NA,33.0,drilled,38485.0,May,5,13,herbicide,H,soybean,38496.0,May,5,24,7100.0,NA,NA,NA,NA,NA,1652,NA,2976,NA,2072,NA,2470,NA,Unsure of where weed biomass data are taken from?
2,GN,1,Davis (2010),2010,"Urbana, IL",IL,40.110588,-88.207268,split-split plot,4,1007.0,33.68333435,0.912,2.4,silt loam,7.2,vetch,legume,N,N,summer,after,summer annual,NA,Sep,9.0,NA,112.0,drilled,38485.0,May,5,13,herbicide,H,soybean,38496.0,May,5,24,3500.0,NA,NA,NA,NA,NA,4361,NA,2976,NA,2075,NA,2470,NA,There is a Davis data set in dropbox maybe Gina reached out to Adam Davis?
3,GN,1,Davis (2010),2010,"Urbana, IL",IL,40.110588,-88.207268,split-split plot,4,1007.0,33.68333435,0.912,2.4,silt loam,7.2,rye,grass,N,N,summer,after,summer annual,NA,Sep,9.0,NA,33.0,drilled,38489.0,May,5,17,roller crimper,M,soybean,38496.0,May,5,24,7100.0,NA,NA,NA,NA,NA,1146,NA,5198,NA,2387,NA,1854,NA,Could pool over years or take last year
4,GN,1,Davis (2010),2010,"Urbana, IL",IL,40.110588,-88.207268,split-split plot,4,1007.0,33.68333435,0.912,2.4,silt loam,7.2,vetch,legume,N,N,summer,after,summer annual,NA,Sep,9.0,NA,112.0,drilled,38489.0,May,5,17,roller crimper,M,soybean,38496.0,May,5,24,3500.0,NA,NA,NA,NA,NA,2766,NA,5198,NA,391,NA,1854,NA,weeds measured in late June
5,GN,1,Davis (2010),2010,"Urbana, IL",IL,40.110588,-88.207268,split-split plot,4,1007.0,33.68333435,0.912,2.4,silt loam,7.2,rye,grass,N,N,summer,after,summer annual,NA,Sep,9.0,NA,33.0,drilled,38849.0,May,5,12,herbicide,H,soybean,38870.0,June,6,2,6000.0,NA,NA,NA,NA,NA,403,NA,1609,NA,3361,NA,3372,NA,NA
6,GN,1,Davis (2010),2010,"Urbana, IL",IL,40.110588,-88.207268,split-split plot,4,1007.0,33.68333435,0.912,2.4,silt loam,7.2,vetch,legume,N,N,summer,after,summer annual,NA,Sep,9.0,NA,112.0,drilled,38849.0,May,5,12,herbicide,H,soybean,38870.0,June,6,2,6200.0,NA,NA,NA,NA,NA,2423,NA,1609,NA,2790,NA,3372,NA,intro states that investigating weed control w/ ccs is an explicit goal of study
7,GN,1,Davis (2010),2010,"Urbana, IL",IL,40.110588,-88.207268,split-split plot,4,1007.0,33.68333435,0.912,2.4,silt loam,7.2,rye,grass,N,N,summer,after,summer annual,NA,Sep,9.0,NA,33.0,drilled,38859.0,May,5,22,roller crimper,M,soybean,38870.0,June,6,2,6000.0,NA,NA,NA,NA,NA,291,NA,1714,NA,2990,NA,2300,NA,they had to plant weeds before this study - foxtail and waterhemp
8,GN,1,Davis (2010),2010,"Urbana, IL",IL,40.110588,-88.207268,split-split plot,4,1007.0,33.68333435,0.912,2.4,silt loam,7.2,vetch,legume,N,N,summer,after,summer annual,NA,Sep,9.0,NA,112.0,drilled,38859.0,May,5,22,roller crimper,M,soybean,38870.0,June,6,2,6200.0,NA,NA,NA,NA,NA,2388,NA,1714,NA,2838,NA,2300,NA,NA
9,GN,1,Davis (2010),2010,"Urbana, IL",IL,40.110588,-88.207268,split-split plot,4,1007.0,33.68333435,0.912,2.4,silt loam,7.2,rye,grass,N,N,summer,after,summer annual,NA,Sep,9.0,NA,33.0,drilled,39213.0,May,5,11,herbicide,H,soybean,39231.0,May,5,29,6000.0,NA,NA,NA,NA,NA,2860,NA,2113,NA,2304,NA,2011,NA,NA
10,GN,1,Davis (2010),2010,"Urbana, IL",IL,40.110588,-88.207268,split-split plot,4,1007.0,33.68333435,0.912,2.4,silt loam,7.2,vetch,legume,N,N,summer,after,summer annual,NA,Sep,9.0,NA,112.0,drilled,39213.0,May,5,11,herbicide,H,soybean,39231.0,May,5,29,6300.0,NA,NA,NA,NA,NA,2857,NA,2113,NA,1962,NA,2011,NA,NA
11,GN,1,Davis (2010),2010,"Urbana, IL",IL,40.110588,-88.207268,split-split plot,4,1007.0,33.68333435,0.912,2.4,silt loam,7.2,rye,grass,N,N,summer,after,summer annual,NA,Sep,9.0,NA,33.0,drilled,39224.0,May,5,22,roller crimper,M,soybean,39231.0,May,5,29,6000.0,NA,NA,NA,NA,NA,761,NA,4250,NA,1660,NA,1266,NA,NA
12,GN,1,Davis (2010),2010,"Urbana, IL",IL,40.110588,-88.207268,split-split plot,4,1007.0,33.68333435,0.912,2.4,silt loam,7.2,vetch,legume,N,N,summer,after,summer annual,NA,Sep,9.0,NA,112.0,drilled,39224.0,May,5,22,roller crimper,M,soybean,39231.0,May,5,29,6300.0,NA,NA,NA,NA,NA,1998,NA,4250,NA,1767,NA,1266,NA,NA
13,GN,2,Bernstein et al. (2011),2011,"Arlington, WI",WI,43.3375,-89.37376,RCBD,4,852.0,26.65833282,0.8539,4.15,silt loam,6.35,cereal rye,grass,Y,N,summer,after,NA,NA,Oct,10.0,NA,180.0,drilled,NA,June,6,NA,mowed,M,soybean,NA,May,5,NA,939.0,NA,NA,NA,NA,NA,5,NA,26,NA,2505,NA,3618,NA,Weed management explicit in objectives. Pooling possible (see Table 4 of paper)
14,GN,2,Bernstein et al. (2011),2011,"Arlington, WI",WI,43.3375,-89.37376,RCBD,4,852.0,26.65833282,0.8539,4.15,silt loam,6.35,cereal rye,grass,Y,N,summer,after,NA,NA,Oct,10.0,NA,180.0,drilled,NA,June,6,NA,roller crimper,M,soybean,NA,May,5,NA,604.0,NA,NA,NA,NA,NA,7,NA,26,NA,2885,NA,3618,NA,"I.e. comparison 1,3,5 (all mowed) and 2,4 (crimped) are of interest not planting date of main crop"
15,GN,2,Bernstein et al. (2011),2011,"Arlington, WI",WI,43.3375,-89.37376,RCBD,4,852.0,26.65833282,0.8539,4.15,silt loam,6.35,cereal rye,grass,Y,N,summer,after,NA,NA,Oct,10.0,NA,180.0,drilled,NA,June,6,NA,mowed,M,soybean,NA,May,5,NA,1212.0,NA,NA,NA,NA,NA,5,NA,26,NA,2944,NA,3618,NA,weeds measured in mid-July
16,GN,2,Bernstein et al. (2011),2011,"Arlington, WI",WI,43.3375,-89.37376,RCBD,4,852.0,26.65833282,0.8539,4.15,silt loam,6.35,cereal rye,grass,Y,N,summer,after,NA,NA,Oct,10.0,NA,180.0,drilled,NA,June,6,NA,roller crimper,M,soybean,NA,June,6,NA,186.0,NA,NA,NA,NA,NA,6,NA,26,NA,2751,NA,3618,NA,NA
17,GN,2,Bernstein et al. (2011),2011,"Arlington, WI",WI,43.3375,-89.37376,RCBD,4,852.0,26.65833282,0.8539,4.15,silt loam,6.35,cereal rye,grass,Y,N,summer,after,NA,NA,Oct,10.0,NA,180.0,drilled,NA,June,6,NA,mowed,M,soybean,NA,June,6,NA,345.0,NA,NA,NA,NA,NA,10,NA,26,NA,2599,NA,3618,NA,NA
18,DW,3,"De Bruin et al., 2005",2005,"Waseca, MN",MN,44.0770411,-93.50838429,RCBD,4,766.0,22.84166718,0.8636,NA,silt loam,NA,cereal rye,grass,N,N,summer,after,summer annual,37182.0,Oct,10.0,18,125.0,drilled,37377.0,May,5,1,herbicide 2x,H,soybean,37390.0,May,5,14,375.0,NA,2.5,NA,8.8,NA,45.3,NA,60.1,NA,2890,NA,2570,NA,Weed suppression appears secondary from their objectives. Pooling can occur over cc_termMETH (column AC) and year - exp trt: 1 / control trt: 17
19,DW,3,"De Bruin et al., 2005",2005,"Waseca, MN",MN,44.0770411,-93.50838429,RCBD,4,766.0,22.84166718,0.8636,NA,silt loam,NA,cereal rye,grass,N,N,summer,after,summer annual,37182.0,Oct,10.0,18,125.0,drilled,37384.0,May,5,8,herbicide 2x,H,soybean,37390.0,May,5,14,851.0,NA,2.3,NA,8.8,NA,26.8,NA,60.1,NA,2900,NA,2570,NA,"I.e. we could have 3 points for this study M, H and D - exp trt: 2 / control trt: 17 / weeds measured second week of June"
20,DW,3,"De Bruin et al., 2005",2005,"Waseca, MN",MN,44.0770411,-93.50838429,RCBD,4,766.0,22.84166718,0.8636,NA,silt loam,NA,cereal rye,grass,N,N,summer,after,summer annual,37182.0,Oct,10.0,18,125.0,drilled,37396.0,May,5,20,herbicide 2x,H,soybean,37390.0,May,5,14,2185.0,NA,1.6,NA,8.8,NA,29.2,NA,60.1,NA,3310,NA,2570,NA,Comparisons are (1-3 / 17) (4-9 / 16) (18 / 22) - exp trt: 3 / control trt: 17
21,DW,3,"De Bruin et al., 2005",2005,"Waseca, MN",MN,44.0770411,-93.50838429,RCBD,4,766.0,22.84166718,0.8636,NA,silt loam,NA,cereal rye,grass,N,N,summer,after,summer annual,37182.0,Oct,10.0,18,125.0,drilled,37377.0,May,5,1,herbicide 1x,H,soybean,37390.0,May,5,14,375.0,NA,56.6,NA,6.4,NA,344.8,NA,64.4,NA,300,NA,2840,NA,exp trt: 4 / control trt: 16
22,DW,3,"De Bruin et al., 2005",2005,"Waseca, MN",MN,44.0770411,-93.50838429,RCBD,4,766.0,22.84166718,0.8636,NA,silt loam,NA,cereal rye,grass,N,N,summer,after,summer annual,37182.0,Oct,10.0,18,125.0,drilled,37384.0,May,5,8,herbicide 1x,H,soybean,37390.0,May,5,14,851.0,NA,37.4,NA,6.4,NA,221.3,NA,64.4,NA,780,NA,2840,NA,exp trt: 5 / control trt: 16
23,DW,3,"De Bruin et al., 2005",2005,"Waseca, MN",MN,44.0770411,-93.50838429,RCBD,4,766.0,22.84166718,0.8636,NA,silt loam,NA,cereal rye,grass,N,N,summer,after,summer annual,37182.0,Oct,10.0,18,125.0,drilled,37396.0,May,5,20,herbicide 1x,H,soybean,37390.0,May,5,14,2185.0,NA,14.4,NA,6.4,NA,146.3,NA,64.4,NA,1060,NA,2840,NA,exp trt: 6 / control trt: 16
24,DW,3,"De Bruin et al., 2005",2005,"Waseca, MN",MN,44.0770411,-93.50838429,RCBD,4,766.0,22.84166718,0.8636,NA,silt loam,NA,cereal rye,grass,N,N,summer,after,summer annual,37182.0,Oct,10.0,18,125.0,drilled,37377.0,May,5,1,herbicide  1x + mowing,D,soybean,37390.0,May,5,14,375.0,NA,12.1,NA,6.4,NA,47.8,NA,64.4,NA,2130,NA,2840,NA,exp trt: 7 / control trt: 16
25,DW,3,"De Bruin et al., 2005",2005,"Waseca, MN",MN,44.0770411,-93.50838429,RCBD,4,766.0,22.84166718,0.8636,NA,silt loam,NA,cereal rye,grass,N,N,summer,after,summer annual,37182.0,Oct,10.0,18,125.0,drilled,37384.0,May,5,8,herbicide  1x + mowing,D,soybean,37390.0,May,5,14,851.0,NA,4.1,NA,6.4,NA,73.1,NA,64.4,NA,2690,NA,2840,NA,exp trt: 8 / control trt: 16
26,DW,3,"De Bruin et al., 2005",2005,"Waseca, MN",MN,44.0770411,-93.50838429,RCBD,4,766.0,22.84166718,0.8636,NA,silt loam,NA,cereal rye,grass,N,N,summer,after,summer annual,37182.0,Oct,10.0,18,125.0,drilled,37396.0,May,5,20,herbicide  1x + mowing,D,soybean,37390.0,May,5,14,2185.0,NA,3.6,NA,6.4,NA,20.9,NA,64.4,NA,2920,NA,2840,NA,exp trt: 9 / control trt: 16
27,DW,3,"De Bruin et al., 2005",2005,"Waseca, MN",MN,44.0770411,-93.50838429,RCBD,4,766.0,22.84166718,0.8636,NA,silt loam,NA,cereal rye,grass,N,N,summer,after,summer annual,37182.0,Oct,10.0,18,125.0,drilled,37404.0,May,5,28,herbicide 2x,H,soybean,37406.0,May,5,30,3768.0,NA,2.1,NA,0.8,NA,7.5,NA,1.2,NA,3140,NA,1780,NA,NA
28,DW,4,"Fisk et al., 2001",2001,"East Landsing, MI",MI,42.4056,-85.4008,RCBD,4,901.0,32.47500229,0.9202,NA,loam,6.7,santiago medic,legume,N,N,spring,before,winter annual,NA,Aug,8.0,NA,13.4,drilled,NA,NA,NA,NA,winter kill,W,corn,34834.0,May,5,15,3100.0,NA,53,NA,91,NA,65.7,NA,234,NA,NA,NA,NA,NA,NA
29,DW,4,"Fisk et al., 2001",2001,"East Landsing, MI",MI,42.4056,-85.4008,RCBD,4,901.0,32.47500229,0.9202,NA,loam,6.7,mogul medic,legume,N,N,spring,before,winter annual,NA,Aug,8.0,NA,15.7,drilled,NA,NA,NA,NA,winter kill,W,corn,34834.0,May,5,15,5300.0,NA,29,NA,91,NA,52.5,NA,234,NA,NA,NA,NA,NA,Can pool over year or take latter year measurements (could reduce to 4 points)
30,DW,4,"Fisk et al., 2001",2001,"East Landsing, MI",MI,42.4056,-85.4008,RCBD,4,901.0,32.47500229,0.9202,NA,loam,6.7,red clover,legume,N,N,spring,before,winter annual,NA,Aug,8.0,NA,16.8,drilled,NA,NA,NA,NA,winter kill,W,corn,34834.0,May,5,15,4100.0,NA,20.3,NA,91,NA,51.4,NA,234,NA,NA,NA,NA,NA,"There are three sets of 16 comparisons for summer, winter and perennial weeds, SUM?"
31,DW,4,"Fisk et al., 2001",2001,"East Landsing, MI",MI,42.4056,-85.4008,RCBD,4,901.0,32.47500229,0.9202,NA,loam,6.7,berseem clover,legume,N,N,spring,before,winter annual,NA,Aug,8.0,NA,16.8,drilled,NA,NA,NA,NA,herbicide,H,corn,34834.0,May,5,15,1900.0,NA,29,NA,91,NA,46.2,NA,234,NA,NA,NA,NA,NA,"Rotation is Wheat-Corn, do we include? I think it is OK to keep this. Our criteria is that a cc is grown preceding corn/soy"
32,DW,4,"Fisk et al., 2001",2001,"East Landsing, MI",MI,42.4056,-85.4008,RCBD,4,901.0,32.47500229,0.9202,NA,loam,6.7,santiago medic,legume,N,N,spring,before,winter annual,NA,Aug,8.0,NA,13.4,drilled,NA,NA,NA,NA,winter kill,W,corn,35200.0,May,5,15,2200.0,NA,19.5,NA,30.5,NA,19.9,NA,43,NA,NA,NA,NA,NA,NA
33,DW,4,"Fisk et al., 2001",2001,"East Landsing, MI",MI,42.4056,-85.4008,RCBD,4,901.0,32.47500229,0.9202,NA,loam,6.7,mogul medic,legume,N,N,spring,before,winter annual,NA,Aug,8.0,NA,15.7,drilled,NA,NA,NA,NA,winter kill,W,corn,35200.0,May,5,15,1800.0,NA,39.5,NA,30.5,NA,35.1,NA,43,NA,NA,NA,NA,NA,weed suppression is in the title - clear objective of this analysis
34,DW,4,"Fisk et al., 2001",2001,"East Landsing, MI",MI,42.4056,-85.4008,RCBD,4,901.0,32.47500229,0.9202,NA,loam,6.7,red clover,legume,N,N,spring,before,winter annual,NA,Aug,8.0,NA,16.8,drilled,NA,NA,NA,NA,winter kill,W,corn,35200.0,May,5,15,1300.0,NA,17.3,NA,30.5,NA,12.5,NA,43,NA,NA,NA,NA,NA,Table 1 is weed measurements in early May (spring sampling)
35,DW,4,"Fisk et al., 2001",2001,"East Landsing, MI",MI,42.4056,-85.4008,RCBD,4,901.0,32.47500229,0.9202,NA,loam,6.7,berseem clover,legume,N,N,spring,before,winter annual,NA,Aug,8.0,NA,16.8,drilled,NA,NA,NA,NA,herbicide,H,corn,35200.0,May,5,15,NA,NA,NA,NA,30.5,NA,NA,NA,43,NA,NA,NA,NA,NA,Table 3 is weed density 60 days after herbicide app (summer sampling
36,DW,4,"Fisk et al., 2001",2001,"Hickory Corners, MI",MI,42.441427,-85.375561,RCBD,4,904.0,32.49166489,0.9297,NA,loam,6.7,santiago medic,legume,N,N,spring,before,winter annual,NA,Aug,8.0,NA,13.4,drilled,NA,NA,NA,NA,winter kill,W,corn,34834.0,May,5,15,2000.0,NA,21,NA,26.8,NA,70.8,NA,124,NA,NA,NA,NA,NA,This one would be good to discuss in more detail
37,DW,4,"Fisk et al., 2001",2001,"Hickory Corners, MI",MI,42.441427,-85.375561,RCBD,4,904.0,32.49166489,0.9297,NA,loam,6.7,mogul medic,legume,N,N,spring,before,winter annual,NA,Aug,8.0,NA,15.7,drilled,NA,NA,NA,NA,winter kill,W,corn,34834.0,May,5,15,2300.0,NA,19.5,NA,26.8,NA,51.7,NA,124,NA,NA,NA,NA,NA,NA
38,DW,4,"Fisk et al., 2001",2001,"Hickory Corners, MI",MI,42.441427,-85.375561,RCBD,4,904.0,32.49166489,0.9297,NA,loam,6.7,red clover,legume,N,N,spring,before,winter annual,NA,Aug,8.0,NA,16.8,drilled,NA,NA,NA,NA,winter kill,W,corn,34834.0,May,5,15,2200.0,NA,20.5,NA,26.8,NA,42.4,NA,124,NA,NA,NA,NA,NA,NA
39,DW,4,"Fisk et al., 2001",2001,"Hickory Corners, MI",MI,42.441427,-85.375561,RCBD,4,904.0,32.49166489,0.9297,NA,loam,6.7,berseem clover,legume,N,N,spring,before,winter annual,NA,Aug,8.0,NA,16.8,drilled,NA,NA,NA,NA,herbicide,H,corn,34834.0,May,5,15,1400.0,NA,22.5,NA,26.8,NA,74.4,NA,124,NA,NA,NA,NA,NA,NA
40,DW,4,"Fisk et al., 2001",2001,"Hickory Corners, MI",MI,42.441427,-85.375561,RCBD,4,904.0,32.49166489,0.9297,NA,loam,6.7,santiago medic,legume,N,N,spring,before,winter annual,NA,Aug,8.0,NA,13.4,drilled,NA,NA,NA,NA,winter kill,W,corn,35200.0,May,5,15,2800.0,NA,29.3,NA,81.8,NA,9.4,NA,76.3,NA,NA,NA,NA,NA,NA
41,DW,4,"Fisk et al., 2001",2001,"Hickory Corners, MI",MI,42.441427,-85.375561,RCBD,4,904.0,32.49166489,0.9297,NA,loam,6.7,mogul medic,legume,N,N,spring,before,winter annual,NA,Aug,8.0,NA,15.7,drilled,NA,NA,NA,NA,winter kill,W,corn,35200.0,May,5,15,2400.0,NA,57.5,NA,81.8,NA,41.1,NA,76.3,NA,NA,NA,NA,NA,NA
42,DW,4,"Fisk et al., 2001",2001,"Hickory Corners, MI",MI,42.441427,-85.375561,RCBD,4,904.0,32.49166489,0.9297,NA,loam,6.7,red clover,legume,N,N,spring,before,winter annual,NA,Aug,8.0,NA,16.8,drilled,NA,NA,NA,NA,winter kill,W,corn,35200.0,May,5,15,1600.0,NA,27.8,NA,81.8,NA,26.3,NA,76.3,NA,NA,NA,NA,NA,NA
43,DW,4,"Fisk et al., 2001",2001,"Hickory Corners, MI",MI,42.441427,-85.375561,RCBD,4,904.0,32.49166489,0.9297,NA,loam,6.7,berseem clover,legume,N,N,spring,before,winter annual,NA,Aug,8.0,NA,16.8,drilled,NA,NA,NA,NA,herbicide,H,corn,35200.0,May,5,15,1700.0,NA,77.3,NA,81.8,NA,56.6,NA,76.3,NA,NA,NA,NA,NA,NA
44,DW,4,"Fisk et al., 2001",2001,"East Landsing, MI",MI,42.4056,-85.4008,RCBD,4,901.0,32.47500229,0.9202,NA,loam,6.7,santiago medic,legume,N,N,summer,after,summer annual,NA,Aug,8.0,NA,13.4,drilled,NA,NA,NA,NA,winter kill,W,corn,34834.0,May,5,15,3100.0,NA,4,NA,42.1,NA,2.2,NA,8.6,NA,NA,NA,NA,NA,NA
45,DW,4,"Fisk et al., 2001",2001,"East Landsing, MI",MI,42.4056,-85.4008,RCBD,4,901.0,32.47500229,0.9202,NA,loam,6.7,mogul medic,legume,N,N,summer,after,summer annual,NA,Aug,8.0,NA,15.7,drilled,NA,NA,NA,NA,winter kill,W,corn,34834.0,May,5,15,5300.0,NA,4.8,NA,42.1,NA,2.4,NA,8.6,NA,NA,NA,NA,NA,NA
46,DW,4,"Fisk et al., 2001",2001,"East Landsing, MI",MI,42.4056,-85.4008,RCBD,4,901.0,32.47500229,0.9202,NA,loam,6.7,red clover,legume,N,N,summer,after,summer annual,NA,Aug,8.0,NA,16.8,drilled,NA,NA,NA,NA,winter kill,W,corn,34834.0,May,5,15,4100.0,NA,46.5,NA,42.1,NA,2.3,NA,8.6,NA,NA,NA,NA,NA,NA
47,DW,4,"Fisk et al., 2001",2001,"East Landsing, MI",MI,42.4056,-85.4008,RCBD,4,901.0,32.47500229,0.9202,NA,loam,6.7,berseem clover,legume,N,N,summer,after,summer annual,NA,Aug,8.0,NA,16.8,drilled,NA,NA,NA,NA,herbicide,H,corn,34834.0,May,5,15,1900.0,NA,7.8,NA,42.1,NA,2.9,NA,8.6,NA,NA,NA,NA,NA,NA
48,DW,4,"Fisk et al., 2001",2001,"East Landsing, MI",MI,42.4056,-85.4008,RCBD,4,901.0,32.47500229,0.9202,NA,loam,6.7,santiago medic,legume,N,N,summer,after,summer annual,NA,Aug,8.0,NA,13.4,drilled,NA,NA,NA,NA,winter kill,W,corn,35200.0,May,5,15,2200.0,NA,29.8,NA,37.8,NA,2.2,NA,7.9,NA,NA,NA,NA,NA,NA
49,DW,4,"Fisk et al., 2001",2001,"East Landsing, MI",MI,42.4056,-85.4008,RCBD,4,901.0,32.47500229,0.9202,NA,loam,6.7,mogul medic,legume,N,N,summer,after,summer annual,NA,Aug,8.0,NA,15.7,drilled,NA,NA,NA,NA,winter kill,W,corn,35200.0,May,5,15,1800.0,NA,36.3,NA,37.8,NA,2.4,NA,7.9,NA,NA,NA,NA,NA,NA
50,DW,4,"Fisk et al., 2001",2001,"East Landsing, MI",MI,42.4056,-85.4008,RCBD,4,901.0,32.47500229,0.9202,NA,loam,6.7,red clover,legume,N,N,summer,after,summer annual,NA,Aug,8.0,NA,16.8,drilled,NA,NA,NA,NA,winter kill,W,corn,35200.0,May,5,15,1300.0,NA,10.5,NA,37.8,NA,2.3,NA,7.9,NA,NA,NA,NA,NA,NA
51,DW,4,"Fisk et al., 2001",2001,"East Landsing, MI",MI,42.4056,-85.4008,RCBD,4,901.0,32.47500229,0.9202,NA,loam,6.7,berseem clover,legume,N,N,summer,after,summer annual,NA,Aug,8.0,NA,16.8,drilled,NA,NA,NA,NA,herbicide,H,corn,35200.0,May,5,15,NA,NA,NA,NA,37.8,NA,2.9,NA,7.9,NA,NA,NA,NA,NA,NA
52,DW,4,"Fisk et al., 2001",2001,"Hickory Corners, MI",MI,42.441427,-85.375561,RCBD,4,904.0,32.49166489,0.9297,NA,loam,6.7,santiago medic,legume,N,N,summer,after,summer annual,NA,Aug,8.0,NA,13.4,drilled,NA,NA,NA,NA,winter kill,W,corn,34834.0,May,5,15,2000.0,NA,22.5,NA,18.8,NA,4.7,NA,8.6,NA,NA,NA,NA,NA,NA
53,DW,4,"Fisk et al., 2001",2001,"Hickory Corners, MI",MI,42.441427,-85.375561,RCBD,4,904.0,32.49166489,0.9297,NA,loam,6.7,mogul medic,legume,N,N,summer,after,summer annual,NA,Aug,8.0,NA,15.7,drilled,NA,NA,NA,NA,winter kill,W,corn,34834.0,May,5,15,2300.0,NA,14,NA,18.8,NA,12.2,NA,8.6,NA,NA,NA,NA,NA,NA
54,DW,4,"Fisk et al., 2001",2001,"Hickory Corners, MI",MI,42.441427,-85.375561,RCBD,4,904.0,32.49166489,0.9297,NA,loam,6.7,red clover,legume,N,N,summer,after,summer annual,NA,Aug,8.0,NA,16.8,drilled,NA,NA,NA,NA,winter kill,W,corn,34834.0,May,5,15,2200.0,NA,17.3,NA,18.8,NA,4.5,NA,8.6,NA,NA,NA,NA,NA,NA
55,DW,4,"Fisk et al., 2001",2001,"Hickory Corners, MI",MI,42.441427,-85.375561,RCBD,4,904.0,32.49166489,0.9297,NA,loam,6.7,berseem clover,legume,N,N,summer,after,summer annual,NA,Aug,8.0,NA,16.8,drilled,NA,NA,NA,NA,herbicide,H,corn,34834.0,May,5,15,1400.0,NA,24.5,NA,18.8,NA,NA,NA,8.6,NA,NA,NA,NA,NA,NA
56,DW,4,"Fisk et al., 2001",2001,"Hickory Corners, MI",MI,42.441427,-85.375561,RCBD,4,904.0,32.49166489,0.9297,NA,loam,6.7,santiago medic,legume,N,N,summer,after,summer annual,NA,Aug,8.0,NA,13.4,drilled,NA,NA,NA,NA,winter kill,W,corn,35200.0,May,5,15,2800.0,NA,5.8,NA,12.3,NA,4.7,NA,7.9,NA,NA,NA,NA,NA,NA
57,DW,4,"Fisk et al., 2001",2001,"Hickory Corners, MI",MI,42.441427,-85.375561,RCBD,4,904.0,32.49166489,0.9297,NA,loam,6.7,mogul medic,legume,N,N,summer,after,summer annual,NA,Aug,8.0,NA,15.7,drilled,NA,NA,NA,NA,winter kill,W,corn,35200.0,May,5,15,2400.0,NA,15.5,NA,12.3,NA,12.2,NA,7.9,NA,NA,NA,NA,NA,NA
58,DW,4,"Fisk et al., 2001",2001,"Hickory Corners, MI",MI,42.441427,-85.375561,RCBD,4,904.0,32.49166489,0.9297,NA,loam,6.7,red clover,legume,N,N,summer,after,summer annual,NA,Aug,8.0,NA,16.8,drilled,NA,NA,NA,NA,winter kill,W,corn,35200.0,May,5,15,1600.0,NA,13,NA,12.3,NA,4.5,NA,7.9,NA,NA,NA,NA,NA,NA
59,DW,4,"Fisk et al., 2001",2001,"Hickory Corners, MI",MI,42.441427,-85.375561,RCBD,4,904.0,32.49166489,0.9297,NA,loam,6.7,berseem clover,legume,N,N,summer,after,summer annual,NA,Aug,8.0,NA,16.8,drilled,NA,NA,NA,NA,herbicide,H,corn,35200.0,May,5,15,1700.0,NA,9.8,NA,12.3,NA,NA,NA,7.9,NA,NA,NA,NA,NA,NA
60,DW,4,"Fisk et al., 2001",2001,"East Landsing, MI",MI,42.4056,-85.4008,RCBD,4,901.0,32.47500229,0.9202,NA,loam,6.7,santiago medic,legume,N,N,summer,after,perennial,NA,Aug,8.0,NA,13.4,drilled,NA,NA,NA,NA,winter kill,W,corn,34834.0,May,5,15,3100.0,NA,5.5,NA,10.3,NA,0.8,NA,1.1,NA,NA,NA,NA,NA,Rows 61-76 represent data for perennial weeds measured in the summer
61,DW,4,"Fisk et al., 2001",2001,"East Landsing, MI",MI,42.4056,-85.4008,RCBD,4,901.0,32.47500229,0.9202,NA,loam,6.7,mogul medic,legume,N,N,summer,after,perennial,NA,Aug,8.0,NA,15.7,drilled,NA,NA,NA,NA,winter kill,W,corn,34834.0,May,5,15,5300.0,NA,5.3,NA,10.3,NA,0.8,NA,0.4,NA,NA,NA,NA,NA,NA
62,DW,4,"Fisk et al., 2001",2001,"East Landsing, MI",MI,42.4056,-85.4008,RCBD,4,901.0,32.47500229,0.9202,NA,loam,6.7,red clover,legume,N,N,summer,after,perennial,NA,Aug,8.0,NA,16.8,drilled,NA,NA,NA,NA,winter kill,W,corn,34834.0,May,5,15,4100.0,NA,9.5,NA,10.3,NA,0.8,NA,1.9,NA,NA,NA,NA,NA,NA
63,DW,4,"Fisk et al., 2001",2001,"East Landsing, MI",MI,42.4056,-85.4008,RCBD,4,901.0,32.47500229,0.9202,NA,loam,6.7,berseem clover,legume,N,N,summer,after,perennial,NA,Aug,8.0,NA,16.8,drilled,NA,NA,NA,NA,herbicide,H,corn,34834.0,May,5,15,1900.0,NA,13,NA,10.3,NA,0.8,NA,1.2,NA,NA,NA,NA,NA,NA
64,DW,4,"Fisk et al., 2001",2001,"East Landsing, MI",MI,42.4056,-85.4008,RCBD,4,901.0,32.47500229,0.9202,NA,loam,6.7,santiago medic,legume,N,N,summer,after,perennial,NA,Aug,8.0,NA,13.4,drilled,NA,NA,NA,NA,winter kill,W,corn,35200.0,May,5,15,2200.0,NA,5.8,NA,11.5,NA,4.1,NA,0.7,NA,NA,NA,NA,NA,NA
65,DW,4,"Fisk et al., 2001",2001,"East Landsing, MI",MI,42.4056,-85.4008,RCBD,4,901.0,32.47500229,0.9202,NA,loam,6.7,mogul medic,legume,N,N,summer,after,perennial,NA,Aug,8.0,NA,15.7,drilled,NA,NA,NA,NA,winter kill,W,corn,35200.0,May,5,15,1800.0,NA,9.3,NA,11.5,NA,4.1,NA,2.1,NA,NA,NA,NA,NA,NA
66,DW,4,"Fisk et al., 2001",2001,"East Landsing, MI",MI,42.4056,-85.4008,RCBD,4,901.0,32.47500229,0.9202,NA,loam,6.7,red clover,legume,N,N,summer,after,perennial,NA,Aug,8.0,NA,16.8,drilled,NA,NA,NA,NA,winter kill,W,corn,35200.0,May,5,15,1300.0,NA,7.8,NA,11.5,NA,4.1,NA,1.1,NA,NA,NA,NA,NA,NA
67,DW,4,"Fisk et al., 2001",2001,"East Landsing, MI",MI,42.4056,-85.4008,RCBD,4,901.0,32.47500229,0.9202,NA,loam,6.7,berseem clover,legume,N,N,summer,after,perennial,NA,Aug,8.0,NA,16.8,drilled,NA,NA,NA,NA,herbicide,H,corn,35200.0,May,5,15,NA,NA,NA,NA,11.5,NA,4.1,NA,NA,NA,NA,NA,NA,NA,NA
68,DW,4,"Fisk et al., 2001",2001,"Hickory Corners, MI",MI,42.441427,-85.375561,RCBD,4,904.0,32.49166489,0.9297,NA,loam,6.7,santiago medic,legume,N,N,summer,after,perennial,NA,Aug,8.0,NA,13.4,drilled,NA,NA,NA,NA,winter kill,W,corn,34834.0,May,5,15,2000.0,NA,22.5,NA,18.8,NA,2.6,NA,2.9,NA,NA,NA,NA,NA,NA
69,DW,4,"Fisk et al., 2001",2001,"Hickory Corners, MI",MI,42.441427,-85.375561,RCBD,4,904.0,32.49166489,0.9297,NA,loam,6.7,mogul medic,legume,N,N,summer,after,perennial,NA,Aug,8.0,NA,15.7,drilled,NA,NA,NA,NA,winter kill,W,corn,34834.0,May,5,15,2300.0,NA,14,NA,18.8,NA,2.6,NA,2.7,NA,NA,NA,NA,NA,NA
70,DW,4,"Fisk et al., 2001",2001,"Hickory Corners, MI",MI,42.441427,-85.375561,RCBD,4,904.0,32.49166489,0.9297,NA,loam,6.7,red clover,legume,N,N,summer,after,perennial,NA,Aug,8.0,NA,16.8,drilled,NA,NA,NA,NA,winter kill,W,corn,34834.0,May,5,15,2200.0,NA,17.3,NA,18.8,NA,2.6,NA,2.3,NA,NA,NA,NA,NA,NA
71,DW,4,"Fisk et al., 2001",2001,"Hickory Corners, MI",MI,42.441427,-85.375561,RCBD,4,904.0,32.49166489,0.9297,NA,loam,6.7,berseem clover,legume,N,N,summer,after,perennial,NA,Aug,8.0,NA,16.8,drilled,NA,NA,NA,NA,herbicide,H,corn,34834.0,May,5,15,1400.0,NA,24.5,NA,18.8,NA,2.6,NA,3.7,NA,NA,NA,NA,NA,NA
72,DW,4,"Fisk et al., 2001",2001,"Hickory Corners, MI",MI,42.441427,-85.375561,RCBD,4,904.0,32.49166489,0.9297,NA,loam,6.7,santiago medic,legume,N,N,summer,after,perennial,NA,Aug,8.0,NA,13.4,drilled,NA,NA,NA,NA,winter kill,W,corn,35200.0,May,5,15,2800.0,NA,10.5,NA,16.5,NA,0.8,NA,1.1,NA,NA,NA,NA,NA,NA
73,DW,4,"Fisk et al., 2001",2001,"Hickory Corners, MI",MI,42.441427,-85.375561,RCBD,4,904.0,32.49166489,0.9297,NA,loam,6.7,mogul medic,legume,N,N,summer,after,perennial,NA,Aug,8.0,NA,15.7,drilled,NA,NA,NA,NA,winter kill,W,corn,35200.0,May,5,15,2400.0,NA,19.8,NA,16.5,NA,0.8,NA,4,NA,NA,NA,NA,NA,NA
74,DW,4,"Fisk et al., 2001",2001,"Hickory Corners, MI",MI,42.441427,-85.375561,RCBD,4,904.0,32.49166489,0.9297,NA,loam,6.7,red clover,legume,N,N,summer,after,perennial,NA,Aug,8.0,NA,16.8,drilled,NA,NA,NA,NA,winter kill,W,corn,35200.0,May,5,15,1600.0,NA,32.5,NA,16.5,NA,0.8,NA,4.2,NA,NA,NA,NA,NA,NA
75,DW,4,"Fisk et al., 2001",2001,"Hickory Corners, MI",MI,42.441427,-85.375561,RCBD,4,904.0,32.49166489,0.9297,NA,loam,6.7,berseem clover,legume,N,N,summer,after,perennial,NA,Aug,8.0,NA,16.8,drilled,NA,NA,NA,NA,herbicide,H,corn,35200.0,May,5,15,1700.0,NA,11.8,NA,16.5,NA,0.8,NA,1,NA,NA,NA,NA,NA,NA
76,GN,5,Forcella 2013,2013,"Stevens County, MN",MN,45.68333333,-95.8,RCBD-splitplot,4,590.0,17.60833359,0.6512,NA,loam,7.3,rye,grass,Y,N,spring,before,summer annual,40058.0,Sept,9.0,2,73.0,drilled,40340.0,June,6,11,roller crimper,M,soybean,40340.0,June,6,11,6000.0,1040.0,1,0.3,30,7.5,1,1.0,453,131.3,2080,110.0,2640,190.0,weeds measured before soybean planting  Split-plot wtih soybean maturity group (late vs early). I.e. weed data are pooled over maturity group
77,GN,5,Forcella 2013,2013,"Stevens County, MN",MN,45.68333333,-95.8,RCBD-splitplot,4,590.0,17.60833359,0.6512,NA,loam,7.3,rye,grass,Y,N,spring,before,summer annual,40441.0,Sept,9.0,20,73.0,drilled,40708.0,June,6,14,roller crimper,M,soybean,40708.0,June,6,14,6000.0,890.0,51,46.4,19,8.2,35,8.7,35,8.7,1960,120.0,1960,120.0,We could average maybe...but it would probably not be too kosher AND it's only two points / weed suppression explicit goal of study
78,GN,6,Delate et al. 2012,2012,Greenfield IA,IA,41.30317,-94.45955,RCBD,4,881.0,28.04166603,0.8276,NA,silty clay loam,NA,winter wheat / Austrian winter pea,mix,Y,N,summer,after,summer annual,43404.0,Oct,10.0,31,84.0,drilled,43245.0,May,5,25,roller crimper,M,soybean,43245.0,May,5,25,NA,NA,8.8,NA,5.6,NA,NA,NA,NA,NA,2862,NA,3170,NA,weed management is an explicit goal of this study
79,GN,6,Delate et al. 2012,2012,Greenfield IA,IA,41.30317,-94.45955,RCBD,4,881.0,28.04166603,0.8276,NA,silty clay loam,NA,rye / vetch,mix,Y,N,summer,after,summer annual,43404.0,Oct,10.0,31,108.0,drilled,43245.0,May,5,25,roller crimper,M,soybean,43245.0,May,5,25,NA,NA,5,NA,5.6,NA,NA,NA,NA,NA,2724,NA,3170,NA,weeds were measured in June
80,GN,6,Delate et al. 2012,2012,Greenfield IA,IA,41.30317,-94.45955,RCBD,4,881.0,28.04166603,0.8276,NA,silty clay loam,NA,winter wheat / Austrian winter pea,mix,Y,N,summer,after,summer annual,43404.0,Oct,10.0,31,84.0,drilled,43245.0,May,5,25,roller crimper,M,corn,43245.0,May,5,25,NA,NA,10.9,NA,3.5,NA,NA,NA,NA,NA,640,NA,7777,NA,NA
81,GN,6,Delate et al. 2012,2012,Greenfield IA,IA,41.30317,-94.45955,RCBD,4,881.0,28.04166603,0.8276,NA,silty clay loam,NA,rye / vetch,mix,N,N,summer,after,summer annual,43404.0,Oct,10.0,31,108.0,drilled,43245.0,May,5,25,roller crimper,M,corn,43245.0,May,5,25,NA,NA,31.6,NA,3.5,NA,NA,NA,NA,NA,628,NA,7777,NA,NA
82,DW,7,"Gallagher et al., 2003",2003,"Wooster, OH",OH,40.8051,-81.9351,RCBD,4,965.0,32.08333206,0.9375,2.9,silt loam,7.0,wheat,grass,N,N,summer,after,summer annual,NA,Sept,9.0,NA,100.0,drilled,NA,NA,NA,NA,herbicide,H,soybean,34465.0,May,5,11,3400.0,NA,NA,NA,NA,NA,500,NA,560,NA,2300,NA,1800,NA,weeds measured in September
83,DW,7,"Gallagher et al., 2003",2003,"Wooster, OH",OH,40.8051,-81.9351,RCBD,4,965.0,32.08333206,0.9375,2.9,silt loam,7.0,wheat,grass,N,N,summer,after,summer annual,NA,Sept,9.0,NA,100.0,drilled,NA,NA,NA,NA,herbicide,H,soybean,34824.0,May,5,5,3500.0,NA,NA,NA,NA,NA,2700,NA,2900,NA,3200,NA,2600,NA,NA
84,DW,7,"Gallagher et al., 2003",2003,"Wooster, OH",OH,40.8051,-81.9351,RCBD,4,965.0,32.08333206,0.9375,2.9,silt loam,7.0,vetch,legume,N,N,summer,after,summer annual,NA,Aug,8.0,NA,22.0,drilled,NA,NA,NA,NA,herbicide,H,corn,34444.0,April,4,20,4500.0,NA,NA,NA,NA,NA,310,NA,260,NA,11900,NA,13500,NA,NA
85,DW,7,"Gallagher et al., 2003",2003,"Wooster, OH",OH,40.8051,-81.9351,RCBD,4,965.0,32.08333206,0.9375,2.9,silt loam,7.0,vetch,legume,N,N,summer,after,summer annual,NA,Aug,8.0,NA,22.0,drilled,NA,NA,NA,NA,herbicide,H,corn,34814.0,April,4,25,4100.0,NA,NA,NA,NA,NA,130,NA,40,NA,9000,NA,8500,NA,NA
86,DW,8,"Gieske et al., 2016",2016,"Lamberton, MN",MN,45.25,-95.2647,split plot,4,561.0,18.71666718,0.6486,NA,silt loam,NA,radish,brassica,Y,NA,summer,after,summer annual,40408.0,Aug,8.0,18,19.0,drilled,NA,NA,NA,NA,none,none,corn,40701.0,June,6,7,3831.0,188.0,121,NA,120,NA,NA,NA,NA,NA,4600,NA,4700,NA,Looks fine
87,DW,8,"Gieske et al., 2016",2016,"Lamberton, MN",MN,45.25,-95.2647,split plot,4,561.0,18.71666718,0.6486,NA,silt loam,NA,radish,brassica,Y,NA,summer,after,summer annual,40778.0,Aug,8.0,23,19.0,drilled,NA,NA,NA,NA,none,none,corn,41051.0,May,5,22,3019.0,141.0,7,NA,5,NA,NA,NA,NA,NA,11100,NA,11200,NA,Data only for CC treatments no tillage or seedbed prep (these were NS)
88,DW,8,"Gieske et al., 2016",2016,"Rosemount, MN",MN,44.72,-93.11223,split plot,4,771.0,23.24166679,0.8367,NA,loam,NA,radish,brassica,Y,NA,summer,after,summer annual,40409.0,Aug,8.0,19,19.0,drilled,NA,NA,NA,NA,none,none,corn,40689.0,May,5,26,2612.0,151.0,14,NA,7,NA,NA,NA,NA,NA,9600,NA,8800,NA,weed control an explicit goal of this experiment
89,DW,8,"Gieske et al., 2016",2016,"Rosemount, MN",MN,44.72,-93.11223,split plot,4,771.0,23.24166679,0.8367,NA,loam,NA,radish,brassica,Y,NA,summer,after,summer annual,40774.0,Aug,8.0,19,19.0,drilled,NA,NA,NA,NA,none,none,corn,41045.0,May,5,16,2767.0,116.0,38,NA,34,NA,NA,NA,NA,NA,10500,NA,10700,NA,weed data reported in Table 8 from JUNE weed sampling
90,GN,9,Hoffman et al. 1993,1993,"Columbus, OH",OH,39.9612,-82.9988,split plot,4,962.0,31.82499886,0.8849,NA,silt loam,NA,hairy vetch,legume,Y,N,summer,after,summer annual,32748.0,Aug,8.0,28,45.0,drilled,32990.0,April,4,27,rolling,M,corn,32990.0,April,4,27,8130.0,NA,8,NA,41,NA,17,NA,217,NA,40,NA,9770,NA,See sheet 7 for comments
91,GN,9,Hoffman et al. 1993,1993,"Columbus, OH",OH,39.9612,-82.9988,split plot,4,962.0,31.82499886,0.8849,NA,silt loam,NA,hairy vetch,legume,Y,N,summer,after,summer annual,32748.0,Aug,8.0,28,45.0,drilled,32990.0,April,4,27,mowing,M,corn,32990.0,April,4,27,5430.0,NA,25,NA,41,NA,147,NA,217,NA,3000,NA,9770,NA,"95% the same as Gina, she includes yield info and her dates differ slightly"
92,GN,9,Hoffman et al. 1993,1993,"Columbus, OH",OH,39.9612,-82.9988,split plot,4,962.0,31.82499886,0.8849,NA,silt loam,NA,hairy vetch,legume,Y,N,summer,after,summer annual,32748.0,Aug,8.0,28,45.0,drilled,33017.0,May,5,24,herbicide,M,corn,33017.0,May,5,24,3410.0,NA,50,NA,41,NA,150,NA,217,NA,8020,NA,9770,NA,weed data in table 3 & 4
93,GN,9,Hoffman et al. 1993,1993,"Columbus, OH",OH,39.9612,-82.9988,split plot,4,962.0,31.82499886,0.8849,NA,silt loam,NA,hairy vetch,legume,Y,N,summer,after,summer annual,32748.0,Aug,8.0,28,45.0,drilled,33017.0,May,5,24,rolling,M,corn,33017.0,May,5,24,4830.0,NA,16,NA,34,NA,43,NA,103,NA,7630,NA,8560,NA,weed control an explicit goal of this study - they measured weeds 7 weeks and 15 weeks after planting
94,GN,9,Hoffman et al. 1993,1993,"Columbus, OH",OH,39.9612,-82.9988,split plot,4,962.0,31.82499886,0.8849,NA,silt loam,NA,hairy vetch,legume,Y,N,summer,after,summer annual,32748.0,Aug,8.0,28,45.0,drilled,33017.0,May,5,24,mowing,M,corn,33017.0,May,5,24,3510.0,NA,23,NA,34,NA,128,NA,103,NA,6830,NA,8560,NA,sampled weeds 7 & 15 weeks after corn planting
95,GN,9,Hoffman et al. 1993,1993,"Columbus, OH",OH,39.9612,-82.9988,split plot,4,962.0,31.82499886,0.8849,NA,silt loam,NA,hairy vetch,legume,Y,N,summer,after,summer annual,32748.0,Aug,8.0,28,45.0,drilled,33042.0,June,6,18,herbicide,H,corn,33042.0,June,6,18,3180.0,NA,19,NA,34,NA,39,NA,103,NA,7700,NA,8560,NA,NA
96,GN,9,Hoffman et al. 1993,1993,"Columbus, OH",OH,39.9612,-82.9988,split plot,4,962.0,31.82499886,0.8849,NA,silt loam,NA,hairy vetch,legume,Y,N,summer,after,summer annual,32748.0,Aug,8.0,28,45.0,drilled,33042.0,June,6,18,rolling,M,corn,33042.0,June,6,18,4960.0,NA,5,NA,20,NA,28,NA,30,NA,7510,NA,5310,NA,NA
97,GN,9,Hoffman et al. 1993,1993,"Columbus, OH",OH,39.9612,-82.9988,split plot,4,962.0,31.82499886,0.8849,NA,silt loam,NA,hairy vetch,legume,Y,N,summer,after,summer annual,32748.0,Aug,8.0,28,45.0,drilled,33042.0,June,6,18,mowing,M,corn,33042.0,June,6,18,6470.0,NA,7,NA,20,NA,6,NA,30,NA,5900,NA,5310,NA,NA
98,GN,9,Hoffman et al. 1993,1993,"Columbus, OH",OH,39.9612,-82.9988,split plot,4,962.0,31.82499886,0.8849,NA,silt loam,NA,hairy vetch,legume,Y,N,summer,after,summer annual,32748.0,Aug,8.0,28,45.0,drilled,33358.0,April,4,30,herbicide,H,corn,33358.0,April,4,30,4680.0,NA,6,NA,20,NA,21,NA,30,NA,5630,NA,5310,NA,NA
99,GN,9,Hoffman et al. 1993,1993,"Columbus, OH",OH,39.9612,-82.9988,split plot,4,962.0,31.82499886,0.8849,NA,silt loam,NA,hairy vetch,legume,Y,N,summer,after,summer annual,33113.0,Aug,8.0,28,45.0,drilled,33358.0,April,4,30,rolling,M,corn,33358.0,April,4,30,4320.0,NA,17,NA,49,NA,80,NA,647,NA,920,NA,2840,NA,NA
100,GN,9,Hoffman et al. 1993,1993,"Columbus, OH",OH,39.9612,-82.9988,split plot,4,962.0,31.82499886,0.8849,NA,silt loam,NA,hairy vetch,legume,Y,N,summer,after,summer annual,33113.0,Aug,8.0,28,45.0,drilled,33358.0,April,4,30,chopping,M,corn,33358.0,April,4,30,3750.0,NA,17,NA,49,NA,231,NA,647,NA,500,NA,2840,NA,NA
101,GN,9,Hoffman et al. 1993,1993,"Columbus, OH",OH,39.9612,-82.9988,split plot,4,962.0,31.82499886,0.8849,NA,silt loam,NA,hairy vetch,legume,Y,N,summer,after,summer annual,33113.0,Aug,8.0,28,45.0,drilled,33358.0,April,4,30,mowing,M,corn,33358.0,April,4,30,2940.0,NA,33,NA,49,NA,377,NA,647,NA,580,NA,2840,NA,NA
102,GN,9,Hoffman et al. 1993,1993,"Columbus, OH",OH,39.9612,-82.9988,split plot,4,962.0,31.82499886,0.8849,NA,silt loam,NA,hairy vetch,legume,Y,N,summer,after,summer annual,33113.0,Aug,8.0,28,45.0,drilled,33374.0,May,5,16,herbicide,H,corn,33374.0,May,5,16,1960.0,NA,46,NA,49,NA,663,NA,647,NA,720,NA,2840,NA,NA
103,GN,9,Hoffman et al. 1993,1993,"Columbus, OH",OH,39.9612,-82.9988,split plot,4,962.0,31.82499886,0.8849,NA,silt loam,NA,hairy vetch,legume,Y,N,summer,after,summer annual,33113.0,Aug,8.0,28,45.0,drilled,33374.0,May,5,16,rolling,M,corn,33374.0,May,5,16,3180.0,NA,27,NA,34,NA,90,NA,152,NA,3200,NA,4130,NA,NA
104,GN,9,Hoffman et al. 1993,1993,"Columbus, OH",OH,39.9612,-82.9988,split plot,4,962.0,31.82499886,0.8849,NA,silt loam,NA,hairy vetch,legume,Y,N,summer,after,summer annual,33113.0,Aug,8.0,28,45.0,drilled,33374.0,May,5,16,chopping,M,corn,33374.0,May,5,16,3360.0,NA,25,NA,34,NA,165,NA,152,NA,3660,NA,4130,NA,NA
105,GN,9,Hoffman et al. 1993,1993,"Columbus, OH",OH,39.9612,-82.9988,split plot,4,962.0,31.82499886,0.8849,NA,silt loam,NA,hairy vetch,legume,Y,N,summer,after,summer annual,33113.0,Aug,8.0,28,45.0,drilled,33374.0,May,5,16,mowing,M,corn,33374.0,May,5,16,2250.0,NA,18,NA,34,NA,79,NA,152,NA,3090,NA,4130,NA,NA
106,GN,9,Hoffman et al. 1993,1993,"Columbus, OH",OH,39.9612,-82.9988,split plot,4,962.0,31.82499886,0.8849,NA,silt loam,NA,hairy vetch,legume,Y,N,summer,after,summer annual,33113.0,Aug,8.0,28,45.0,drilled,33394.0,June,6,5,herbicide,H,corn,33394.0,May,5,5,3620.0,NA,19,NA,34,NA,137,NA,152,NA,3910,NA,4130,NA,NA
107,GN,9,Hoffman et al. 1993,1993,"Columbus, OH",OH,39.9612,-82.9988,split plot,4,962.0,31.82499886,0.8849,NA,silt loam,NA,hairy vetch,legume,Y,N,summer,after,summer annual,33113.0,Aug,8.0,28,45.0,drilled,33394.0,June,6,5,rolling,M,corn,33394.0,May,5,5,3640.0,NA,6,NA,2,NA,39,NA,12,NA,2410,NA,3300,NA,NA
108,GN,9,Hoffman et al. 1993,1993,"Columbus, OH",OH,39.9612,-82.9988,split plot,4,962.0,31.82499886,0.8849,NA,silt loam,NA,hairy vetch,legume,Y,N,summer,after,summer annual,33113.0,Aug,8.0,28,45.0,drilled,33394.0,June,6,5,chopping,M,corn,33394.0,May,5,5,3290.0,NA,12,NA,2,NA,147,NA,12,NA,2340,NA,3300,NA,NA
109,GN,9,Hoffman et al. 1993,1993,"Columbus, OH",OH,39.9612,-82.9988,split plot,4,962.0,31.82499886,0.8849,NA,silt loam,NA,hairy vetch,legume,Y,N,summer,after,summer annual,33113.0,Aug,8.0,28,45.0,drilled,33394.0,June,6,5,mowing,M,corn,33394.0,May,5,5,3130.0,NA,10,NA,2,NA,71,NA,12,NA,1670,NA,3300,NA,NA
110,GN,9,Hoffman et al. 1993,1993,"Columbus, OH",OH,39.9612,-82.9988,split plot,4,962.0,31.82499886,0.8849,NA,silt loam,NA,hairy vetch,legume,Y,N,summer,after,summer annual,33113.0,Aug,8.0,28,45.0,drilled,33395.0,June,6,6,herbicide,H,corn,33395.0,May,5,6,3720.0,NA,4,NA,2,NA,35,NA,12,NA,2830,NA,3300,NA,NA
111,DW,10,"Mock et al., 2012",2012,"West Lafayette, IN",IN,40.4259,-86.9081,RCBD split plot,6,930.0,31.52499962,0.8955,3.0,silt loam,6.3,winter wheat,grass,N,N,fall,after,winter annual,NA,Oct,10.0,NA,67.0,drilled,38108.0,May,5,1,herbicide,H,corn/soy,38117.0,May,5,10,NA,NA,149,NA,9,NA,NA,NA,NA,NA,NA,NA,NA,NA,Data from Table 8. CC vs. spring applied herbicide
112,DW,10,"Mock et al., 2012",2012,"West Lafayette, IN",IN,40.4259,-86.9081,RCBD split plot,6,930.0,31.52499962,0.8955,3.0,silt loam,6.3,rye grass,grass,N,N,fall,after,winter annual,NA,Oct,10.0,NA,34.0,broadcast,38109.0,May,5,2,herbicide,H,corn/soy,38117.0,May,5,10,NA,NA,332,NA,9,NA,NA,NA,NA,NA,NA,NA,NA,NA,They do not display treatment specific yield data
113,DW,10,"Mock et al., 2012",2012,"Vincennes, IN",IN,38.6773,-87.5286,RCBD split plot,6,1125.0,37.875,0.9642,1.0,silt loam,6.9,winter wheat,grass,N,N,fall,after,winter annual,NA,Oct,10.0,NA,67.0,drilled,38110.0,May,5,3,herbicide,H,corn/soy,38117.0,May,5,10,NA,NA,377,NA,77,NA,NA,NA,NA,NA,NA,NA,NA,NA,NA
114,DW,10,"Mock et al., 2012",2012,"Vincennes, IN",IN,38.6773,-87.5286,RCBD split plot,6,1125.0,37.875,0.9642,1.0,silt loam,6.9,rye grass,grass,N,N,fall,after,winter annual,NA,Oct,10.0,NA,34.0,broadcast,38111.0,May,5,4,herbicide,H,corn/soy,38117.0,May,5,10,NA,NA,393,NA,77,NA,NA,NA,NA,NA,NA,NA,NA,NA,measured weeds in fall and spring - but we only have data for fall/winter annual weeds - specifically says winter annual weeds
115,DW,11,"Werle et al., 2017",2017,"North Platte, NE",NE,41.132511,-100.763969,RCBD,3,501.0,15.11666584,0.4388,NA,silt loam,NA,rye,grass,Y,N,spring,before,winter annual,42660.0,Oct,10.0,17,67.0,drilled,42843.0,April,4,18,herbicide,H,corn,NA,NA,NA,NA,3766.0,201.0,17,5.0,196,25.0,10,4.0,115,11.0,NA,NA,NA,NA,weeds measured prior to spring herbicide application
116,DW,11,"Werle et al., 2017",2017,"North Platte, NE",NE,41.132511,-100.763969,RCBD,3,501.0,15.11666584,0.4388,NA,sandy loam,NA,rye,grass,Y,N,spring,before,winter annual,42633.0,Sept,9.0,20,94.1,drilled,42843.0,April,4,18,herbicide,H,corn,NA,NA,NA,NA,4081.0,322.0,NA,NA,NA,NA,19,5.0,407,39.0,NA,NA,NA,NA,NA
117,DW,12,"Crawford et al., 2018",2018,"Urbana, IL",IL,40.076623,-88.239866,RCBD split-plot,3,1016.0,33.89999771,0.9116,3.4,silt loam,5.9,radish,brassica,N,N,summer,after,summer annual,NA,NA,NA,NA,NA,drilled,NA,NA,NA,NA,winterkill,W,soybean,NA,NA,NA,NA,438.0,NA,113.4,NA,96,NA,1164,NA,1554,NA,NA,NA,NA,NA,Planting dates are for 3 site-years - response variables are averages.
118,DW,12,"Crawford et al., 2018",2018,"Urbana, IL",IL,40.076623,-88.239866,RCBD split-plot,3,1016.0,33.89999771,0.9116,3.4,silt loam,5.9,canola,brassica,N,N,summer,after,summer annual,NA,NA,NA,NA,NA,drilled,NA,NA,NA,NA,herbicide,H,soybean,NA,NA,NA,NA,1205.0,NA,146.2,NA,96,NA,983,NA,1554,NA,NA,NA,NA,NA,weeds sampled six weeks after planting
119,DW,12,"Crawford et al., 2018",2018,"Urbana, IL",IL,40.076623,-88.239866,RCBD split-plot,3,1016.0,33.89999771,0.9116,3.4,silt loam,5.9,rye,grass,N,N,summer,after,summer annual,NA,NA,NA,NA,NA,drilled,NA,NA,NA,NA,herbicide,H,soybean,NA,NA,NA,NA,2375.0,NA,77.7,NA,96,NA,226,NA,1554,NA,NA,NA,NA,NA,NA
120,DW,12,"Crawford et al., 2018",2018,"Urbana, IL",IL,40.076623,-88.239866,RCBD split-plot,3,1016.0,33.89999771,0.9116,3.4,silt loam,5.9,canola,brassica,N,N,summer,after,summer annual,NA,NA,NA,NA,NA,drilled,NA,NA,NA,NA,herbicide,H,soybean,NA,NA,NA,NA,2360.0,NA,170.8,NA,96,NA,548,NA,1554,NA,NA,NA,NA,NA,NA
121,DW,12,"Crawford et al., 2018",2018,"Urbana, IL",IL,40.076623,-88.239866,RCBD split-plot,3,1016.0,33.89999771,0.9116,3.4,silt loam,5.9,rye,grass,N,N,summer,after,summer annual,NA,NA,NA,NA,NA,drilled,NA,NA,NA,NA,herbicide,H,soybean,NA,NA,NA,NA,9003.0,NA,7.3,NA,96,NA,104,NA,1554,NA,NA,NA,NA,NA,NA
122,DW,13,"Cornelius and Bradley,",2017,"Columbia, Missouri",MO,38.89805556,-92.37055556,RCBD,4,1012.0,36.19166565,0.8625,2.2,silt loam,6.4,austrian winter pea,legume,N,N,spring,before,summer annual,NA,Sept,9.0,NA,56.0,drilled,41759.0,April,4,30,herbicide,H,soybean,NA,NA,NA,NA,223.0,NA,1307,NA,987,NA,NA,NA,NA,NA,NA,NA,NA,NA,NA
123,DW,13,"Cornelius and Bradley,",2017,"Columbia, Missouri",MO,38.89805556,-92.37055556,RCBD,4,1012.0,36.19166565,0.8625,2.2,silt loam,6.4,hairy vetch,legume,N,N,spring,before,summer annual,NA,Sept,9.0,NA,34.0,drilled,41759.0,April,4,30,herbicide,H,soybean,NA,NA,NA,NA,815.0,NA,1282,NA,987,NA,NA,NA,NA,NA,NA,NA,NA,NA,Right now we have columbia and moberley separate (map purposes) but the data is pooled for one location
124,DW,13,"Cornelius and Bradley,",2017,"Columbia, Missouri",MO,38.89805556,-92.37055556,RCBD,4,1012.0,36.19166565,0.8625,2.2,silt loam,6.4,crimson clover,legume,N,N,spring,before,summer annual,NA,Sept,9.0,NA,34.0,drilled,41759.0,April,4,30,herbicide,H,soybean,NA,NA,NA,NA,436.0,NA,1268,NA,987,NA,NA,NA,NA,NA,NA,NA,NA,NA,not going to include the climate data for this study because of the way the data is pooled
125,DW,13,"Cornelius and Bradley,",2017,"Columbia, Missouri",MO,38.89805556,-92.37055556,RCBD,4,1012.0,36.19166565,0.8625,2.2,silt loam,6.4,oilseed radish,brassica,N,N,spring,before,summer annual,NA,Sept,9.0,NA,9.0,drilled,41759.0,April,4,30,herbicide,H,soybean,NA,NA,NA,NA,0.0,NA,1267,NA,987,NA,NA,NA,NA,NA,NA,NA,NA,NA,ALSO what is possible with cc biomass? i.e. take avgs or NOT?
126,DW,13,"Cornelius and Bradley,",2017,"Columbia, Missouri",MO,38.89805556,-92.37055556,RCBD,4,1012.0,36.19166565,0.8625,2.2,silt loam,6.4,winter oat,grass,N,N,spring,before,summer annual,NA,Sept,9.0,NA,78.0,drilled,41759.0,April,4,30,herbicide,H,soybean,NA,NA,NA,NA,135.0,NA,1218,NA,987,NA,NA,NA,NA,NA,NA,NA,NA,NA,"control = ""Spring PRE w/o residual herbicide program (Figs. 2-5)"
127,DW,13,"Cornelius and Bradley,",2017,"Moberly, Missouri",MO,39.418369,-92.438237,RCBD,4,1023.0,35.70833206,0.916,2.2,silt loam,6.4,italian ryegrass,grass,N,N,spring,before,summer annual,NA,Sept,9.0,NA,28.0,drilled,41759.0,April,4,30,herbicide,H,soybean,NA,NA,NA,NA,953.0,NA,1076,NA,987,NA,NA,NA,NA,NA,NA,NA,NA,NA,NA
128,DW,13,"Cornelius and Bradley,",2017,"Moberly, Missouri",MO,39.418369,-92.438237,RCBD,4,1023.0,35.70833206,0.916,2.2,silt loam,6.4,cereal rye + hairy vetch,mix,N,N,spring,before,summer annual,NA,Sept,9.0,NA,112.0,drilled,41759.0,April,4,30,herbicide,H,soybean,NA,NA,NA,NA,2774.0,NA,925,NA,987,NA,NA,NA,NA,NA,NA,NA,NA,NA,this cc planting rate is the sum of the mix which included hairy vetch + rye
129,DW,13,"Cornelius and Bradley,",2017,"Moberly, Missouri",MO,39.418369,-92.438237,RCBD,4,1023.0,35.70833206,0.916,2.2,silt loam,6.4,cereal rye,grass,N,N,spring,before,summer annual,NA,Sept,9.0,NA,123.0,drilled,41759.0,April,4,30,herbicide,H,soybean,NA,NA,NA,NA,2291.0,NA,705,NA,987,NA,NA,NA,NA,NA,NA,NA,NA,NA,weeds measured (winter annual weeds) prior to spring herbicide application
130,DW,13,"Cornelius and Bradley,",2017,"Moberly, Missouri",MO,39.418369,-92.438237,RCBD,4,1023.0,35.70833206,0.916,2.2,silt loam,6.4,winter wheat,grass,N,N,spring,before,summer annual,NA,Sept,9.0,NA,135.0,drilled,41759.0,April,4,30,herbicide,H,soybean,NA,NA,NA,NA,1424.0,NA,1132,NA,987,NA,NA,NA,NA,NA,NA,NA,NA,NA,NA
131,DW,14,"Currie and Klocke, 2005",2005,"Garden City, Kansas",KS,37.989331,-100.814511,RCBD,5,493.0,17.34166718,0.3698,1.5,silt loam,7.0,winter wheat,grass,N,N,summer,after,summer annual,NA,Oct,10.0,NA,100.0,drilled,NA,May,5,NA,herbicide,H,corn,NA,May,5,NA,NA,NA,NA,NA,NA,NA,330.1,NA,380,NA,NA,NA,NA,NA,NA
132,DW,14,"Currie and Klocke, 2005",2005,"Garden City, Kansas",KS,37.989331,-100.814511,RCBD,5,493.0,17.34166718,0.3698,1.5,silt loam,7.0,winter wheat,grass,N,N,summer,after,summer annual,NA,Oct,10.0,NA,100.0,drilled,NA,May,5,NA,herbicide,H,corn,NA,May,5,NA,NA,NA,NA,NA,NA,NA,194.6,NA,328.1,NA,NA,NA,NA,NA,weeds measured in mid June
133,DW,14,"Currie and Klocke, 2005",2005,"Garden City, Kansas",KS,37.989331,-100.814511,RCBD,5,493.0,17.34166718,0.3698,1.5,silt loam,7.0,winter wheat,grass,N,N,summer,after,summer annual,NA,Oct,10.0,NA,100.0,drilled,NA,May,5,NA,herbicide,H,corn,NA,May,5,NA,NA,NA,NA,NA,NA,NA,188.5,NA,206.7,NA,NA,NA,NA,NA,NA
134,DW,14,"Currie and Klocke, 2005",2005,"Garden City, Kansas",KS,37.989331,-100.814511,RCBD,5,493.0,17.34166718,0.3698,1.7,silt loam,8.3,winter wheat,grass,N,N,summer,after,summer annual,NA,Oct,10.0,NA,100.0,drilled,NA,May,5,NA,herbicide,H,corn,NA,May,5,NA,NA,NA,NA,NA,NA,NA,206,NA,290,NA,NA,NA,NA,NA,NA
135,DW,14,"Currie and Klocke, 2005",2005,"Garden City, Kansas",KS,37.989331,-100.814511,RCBD,5,493.0,17.34166718,0.3698,1.7,silt loam,8.3,winter wheat,grass,N,N,summer,after,summer annual,NA,Oct,10.0,NA,100.0,drilled,NA,May,5,NA,herbicide,H,corn,NA,May,5,NA,NA,NA,NA,NA,NA,NA,142.4,NA,150.8,NA,NA,NA,NA,NA,NA
136,DW,14,"Currie and Klocke, 2005",2005,"Garden City, Kansas",KS,37.989331,-100.814511,RCBD,5,493.0,17.34166718,0.3698,1.7,silt loam,8.3,winter wheat,grass,N,N,summer,after,summer annual,NA,Oct,10.0,NA,100.0,drilled,NA,May,5,NA,herbicide,H,corn,NA,May,5,NA,NA,NA,NA,NA,NA,NA,571.5,NA,599.2,NA,NA,NA,NA,NA,NA
137,DW,14,"Currie and Klocke, 2005",2005,"Garden City, Kansas",KS,37.989331,-100.814511,RCBD,5,493.0,17.34166718,0.3698,1.6,silt loam,8.3,winter wheat,grass,N,N,summer,after,summer annual,NA,Oct,10.0,NA,100.0,drilled,NA,May,5,NA,herbicide,H,corn,NA,May,5,NA,NA,NA,NA,NA,NA,NA,57.7,NA,24.2,NA,NA,NA,NA,NA,NA
138,DW,14,"Currie and Klocke, 2005",2005,"Garden City, Kansas",KS,37.989331,-100.814511,RCBD,5,493.0,17.34166718,0.3698,1.6,silt loam,8.3,winter wheat,grass,N,N,summer,after,summer annual,NA,Oct,10.0,NA,100.0,drilled,NA,May,5,NA,herbicide,H,corn,NA,May,5,NA,NA,NA,NA,NA,NA,NA,603.2,NA,869.1,NA,NA,NA,NA,NA,NA
139,DW,14,"Currie and Klocke, 2005",2005,"Garden City, Kansas",KS,37.989331,-100.814511,RCBD,5,493.0,17.34166718,0.3698,1.6,silt loam,8.3,winter wheat,grass,N,N,summer,after,summer annual,NA,Oct,10.0,NA,100.0,drilled,NA,May,5,NA,herbicide,H,corn,NA,May,5,NA,NA,NA,NA,NA,NA,NA,603.1,NA,691.4,NA,NA,NA,NA,NA,NA
140,DW,15,"Williams et al., 1998",1998,"Ithaca, Nebraska",NE,41.145575,-96.498209,split plot,3,800.0,25.80833435,0.7149,2.6,silty clay loam,6.3,barley,grass,N,N,summer,after,summer annual,34584.0,Sept,9.0,7,78.4,drilled,34856.0,June,6,6,herbicide,H,soybean,34857.0,June,6,7,3170.0,NA,NA,NA,NA,NA,27.6,NA,68,NA,1630,NA,2060,NA,"Yield data taken from Williams et al., 2000 (companion paper)"
141,DW,15,"Williams et al., 1998",1998,"Ithaca, Nebraska",NE,41.145575,-96.498209,split plot,3,800.0,25.80833435,0.7149,2.6,silty clay loam,6.3,rye,grass,N,N,summer,after,summer annual,34584.0,Sept,9.0,7,78.4,drilled,34856.0,June,6,6,herbicide,H,soybean,34857.0,June,6,7,6310.0,NA,NA,NA,NA,NA,30.9,NA,68,NA,1540,NA,2060,NA,Weed biomass = only Setaria spp. Table 2
142,DW,15,"Williams et al., 1998",1998,"Ithaca, Nebraska",NE,41.145575,-96.498209,split plot,3,800.0,25.80833435,0.7149,2.6,silty clay loam,6.3,triticale,grass,N,N,summer,after,summer annual,34584.0,Sept,9.0,7,156.4,drilled,34856.0,June,6,6,herbicide,H,soybean,34857.0,June,6,7,7160.0,NA,NA,NA,NA,NA,32.1,NA,68,NA,1800,NA,2060,NA,"Weed density = Setaria + amaranthus spp. Fig. 2 (40 DAP), Setaria only data in parenthesis"
143,DW,15,"Williams et al., 1998",1998,"Ithaca, Nebraska",NE,41.145575,-96.498209,split plot,3,800.0,25.80833435,0.7149,2.6,silty clay loam,6.3,wheat,grass,N,N,summer,after,summer annual,34584.0,Sept,9.0,7,78.4,drilled,34856.0,June,6,6,herbicide,H,soybean,34857.0,June,6,7,6710.0,NA,NA,NA,NA,NA,14.6,NA,68,NA,1920,NA,2060,NA,let's discuss above
144,DW,15,"Williams et al., 1998",1998,"Ithaca, Nebraska",NE,41.145575,-96.498209,split plot,3,800.0,25.80833435,0.7149,2.8,silty clay loam,5.8,barley,grass,N,N,summer,after,summer annual,34949.0,Sept,9.0,7,78.4,drilled,35208.0,May,5,23,herbicide,H,soybean,35206.0,May,5,21,130.0,NA,78,NA,71,NA,13.4,NA,21.4,NA,1480,NA,1200,NA,weeds measured 7 weeks after planting
145,DW,15,"Williams et al., 1998",1998,"Ithaca, Nebraska",NE,41.145575,-96.498209,split plot,3,800.0,25.80833435,0.7149,2.8,silty clay loam,5.8,rye,grass,N,N,summer,after,summer annual,34949.0,Sept,9.0,7,78.4,drilled,35208.0,May,5,23,herbicide,H,soybean,35206.0,May,5,21,2890.0,NA,74,NA,71,NA,0.7,NA,21.4,NA,2190,NA,1200,NA,NA
146,DW,15,"Williams et al., 1998",1998,"Ithaca, Nebraska",NE,41.145575,-96.498209,split plot,3,800.0,25.80833435,0.7149,2.8,silty clay loam,5.8,triticale,grass,N,N,summer,after,summer annual,34949.0,Sept,9.0,7,78.4,drilled,35208.0,May,5,23,herbicide,H,soybean,35206.0,May,5,21,750.0,NA,73,NA,71,NA,9.6,NA,21.4,NA,1440,NA,1200,NA,NA
147,DW,15,"Williams et al., 1998",1998,"Ithaca, Nebraska",NE,41.145575,-96.498209,split plot,3,800.0,25.80833435,0.7149,2.8,silty clay loam,5.8,wheat,grass,N,N,summer,after,summer annual,34949.0,Sept,9.0,7,78.4,drilled,35208.0,May,5,23,herbicide,H,soybean,35206.0,May,5,21,2170.0,NA,90,NA,71,NA,3.5,NA,21.4,NA,1960,NA,1200,NA,NA
148,DW,15,"Williams et al., 1998",1998,"Ithaca, Nebraska",NE,41.145575,-96.498209,split plot,3,800.0,25.80833435,0.7149,2.8,silty clay loam,5.8,vetch,legume,N,N,summer,after,summer annual,34949.0,Sept,9.0,7,35.8,drilled,35208.0,May,5,23,herbicide,H,soybean,35206.0,May,5,21,650.0,NA,99,NA,71,NA,8.7,NA,21.4,NA,1700,NA,1200,NA,NA
149,DW,13,"Cornelius and Bradley,",2017,"Columbia, Missouri",MO,38.89805556,-92.37055556,RCBD,4,NA,NA,NA,2.2,silt loam,6.4,austrian winter pea,legume,N,N,spring,before,winter annual,NA,Sept,9.0,NA,56.0,drilled,41759.0,April,4,30,herbicide,H,soybean,NA,NA,NA,NA,NA,NA,156,NA,238,NA,NA,NA,NA,NA,NA,NA,NA,NA,"These are winter annual weed msmts from Cornelius and Bradley, 2017 (study 13)"
150,DW,13,"Cornelius and Bradley,",2017,"Columbia, Missouri",MO,38.89805556,-92.37055556,RCBD,4,NA,NA,NA,2.2,silt loam,6.4,hairy vetch,legume,N,N,spring,before,winter annual,NA,Sept,9.0,NA,34.0,drilled,41759.0,April,4,30,herbicide,H,soybean,NA,NA,NA,NA,NA,NA,166,NA,238,NA,NA,NA,NA,NA,NA,NA,NA,NA,"The numerical weed density data are different, the weedspecies is witner annual, and there is no biomass data added b/c these measurements were taken way before biomass was assessed."
151,DW,13,"Cornelius and Bradley,",2017,"Columbia, Missouri",MO,38.89805556,-92.37055556,RCBD,4,NA,NA,NA,2.2,silt loam,6.4,crimson clover,legume,N,N,spring,before,winter annual,NA,Sept,9.0,NA,34.0,drilled,41759.0,April,4,30,herbicide,H,soybean,NA,NA,NA,NA,NA,NA,181,NA,238,NA,NA,NA,NA,NA,NA,NA,NA,NA,NA
152,DW,13,"Cornelius and Bradley,",2017,"Columbia, Missouri",MO,38.89805556,-92.37055556,RCBD,4,NA,NA,NA,2.2,silt loam,6.4,oilseed radish,brassica,N,N,spring,before,winter annual,NA,Sept,9.0,NA,9.0,drilled,41759.0,April,4,30,herbicide,H,soybean,NA,NA,NA,NA,NA,NA,184,NA,238,NA,NA,NA,NA,NA,NA,NA,NA,NA,NA
153,DW,13,"Cornelius and Bradley,",2017,"Columbia, Missouri",MO,38.89805556,-92.37055556,RCBD,4,NA,NA,NA,2.2,silt loam,6.4,winter oat,grass,N,N,spring,before,winter annual,NA,Sept,9.0,NA,78.0,drilled,41759.0,April,4,30,herbicide,H,soybean,NA,NA,NA,NA,NA,NA,151,NA,238,NA,NA,NA,NA,NA,NA,NA,NA,NA,NA
154,DW,13,"Cornelius and Bradley,",2017,"Moberly, Missouri",MO,39.418369,-92.438237,RCBD,4,NA,NA,NA,2.2,silt loam,6.4,italian ryegrass,grass,N,N,spring,before,winter annual,NA,Sept,9.0,NA,28.0,drilled,41759.0,April,4,30,herbicide,H,soybean,NA,NA,NA,NA,NA,NA,111,NA,238,NA,NA,NA,NA,NA,NA,NA,NA,NA,NA
155,DW,13,"Cornelius and Bradley,",2017,"Moberly, Missouri",MO,39.418369,-92.438237,RCBD,4,NA,NA,NA,2.2,silt loam,6.4,cereal rye + hairy vetch,mix,N,N,spring,before,winter annual,NA,Sept,9.0,NA,112.0,drilled,41759.0,April,4,30,herbicide,H,soybean,NA,NA,NA,NA,NA,NA,74,NA,238,NA,NA,NA,NA,NA,NA,NA,NA,NA,NA
156,DW,13,"Cornelius and Bradley,",2017,"Moberly, Missouri",MO,39.418369,-92.438237,RCBD,4,NA,NA,NA,2.2,silt loam,6.4,cereal rye,grass,N,N,spring,before,winter annual,NA,Sept,9.0,NA,123.0,drilled,41759.0,April,4,30,herbicide,H,soybean,NA,NA,NA,NA,NA,NA,67,NA,238,NA,NA,NA,NA,NA,NA,NA,NA,NA,NA
157,DW,13,"Cornelius and Bradley,",2017,"Moberly, Missouri",MO,39.418369,-92.438237,RCBD,4,NA,NA,NA,2.2,silt loam,6.4,winter wheat,grass,N,N,spring,before,winter annual,NA,Sept,9.0,NA,135.0,drilled,41759.0,April,4,30,herbicide,H,soybean,NA,NA,NA,NA,NA,NA,116,NA,238,NA,NA,NA,NA,NA,NA,NA,NA,NA,NA
